id,last_name,first_name,email,company,phone,address1,address2,city,state,postal_code,country
1,Mayo,Leslie,vitae.aliquam.eros@nonnisiAenean.ca,Hendrerit LLP,705-5969,496-5176 Tincidunt St.,,Kupang,NT,2396 JI,Korea
2,Armstrong,Eleanor,Phasellus@pharetra.edu,In Aliquet Corporation,1-193-367-4590,602-5330 Velit Street,,Serang,Banten,29-211,Nicaragua
3,Fleming,Kasper,non.justo.Proin@Integertincidunt.edu,Facilisi Sed Foundation,559-4754,698 Erat Road,,Hengelo,Ov,88952,Saint Pierre and Miquelon
4,Sellers,Sawyer,nibh.Donec@egestasDuis.com,Nec Incorporated,1-286-709-4754,9979 Nonummy Ave,,Rezzoaglio,LIG,Z5284,Libya
5,Simon,Sarah,neque@adipiscing.com,Orci Foundation,216-3047,409-2909 Cursus. Rd.,,Bath,ON,12734,Sudan
6,Wiggins,Brianna,nec@musProin.com,Eu Corp.,1-737-230-2367,6112 Tellus Ave,,Robelmont,Luxemburg,C2E 0A5,Slovakia
7,Gay,Gregory,fringilla@Vivamussitamet.com,Imperdiet Limited,391-4929,817-8726 Fermentum Rd.,,Berlin,BE,7774,New Caledonia
8,Barlow,Flynn,Cum.sociis.natoque@cursus.edu,Nec Metus Company,919-0078,6288 Ac St.,,Kitchener,Ontario,93584,Croatia
9,Lang,Zephania,dignissim@erosnonenim.org,Sed Incorporated,1-422-836-7540,3851 Bibendum. Rd.,,Palu,Central Sulawesi,41115,Iceland
10,Harding,Kimberley,libero.mauris.aliquam@metusvitaevelit.net,Senectus Et Netus Foundation,1-147-173-6961,839-214 Posuere Avenue,,Skövde,Västra Götalands län,64682-41576,Mozambique
11,Wiley,Uma,netus@semmollisdui.org,Quisque PC,1-152-956-9974,1537 Lobortis Rd.,,Middelburg,Zl,46960,Saint Kitts and Nevis
12,Delacruz,Lois,ac@risusNunc.co.uk,Euismod Limited,1-327-524-6576,228-6869 Eu Avenue,,Elbląg,WM,02220,Uganda
13,Espinoza,Jason,vitae.posuere.at@Maurisquisturpis.ca,Sit Amet Risus Limited,1-678-534-0939,Ap #343-8271 Sit Street,,Liverpool,NSW,746284,Bermuda
14,Burt,Driscoll,lectus.pede.et@utmolestie.org,Ridiculus Incorporated,423-5459,332-5597 Interdum Ave,,Nijmegen,Gl,57104,Ecuador
15,Rowe,Sybil,felis@tristique.co.uk,Libero Foundation,801-8937,Ap #559-3548 Etiam Ave,,Augusta,GA,B6 2OH,Algeria
16,Austin,Ezra,in.hendrerit@Donecfeugiatmetus.co.uk,Sed Corporation,1-837-810-0638,2510 Et Ave,,Berlin,BE,377115,Bahrain
17,Stark,Emi,nec.urna.et@et.ca,Nam Consulting,1-164-624-2224,Ap #377-9353 Sit Ave,,Linz,OÖ.,71817,Taiwan
18,Wilcox,Alfreda,quam.Curabitur.vel@tempor.com,Ut Nisi A Foundation,1-796-343-4825,457-8132 Vehicula Ave,,Tonalá,Jal,20707,Guyana
19,Rasmussen,Dale,vitae@eratSednunc.com,Maecenas Libero PC,1-190-399-6600,133-9092 Dignissim Rd.,,Kenosha,Wisconsin,50105,Benin
20,Travis,Tatiana,quis.urna@laciniaSedcongue.org,Amet Ornare Foundation,1-383-559-1631,253-8719 Metus Av.,,Hoofddorp,Noord Holland,822430,British Indian Ocean Territory